Unnamed: 0,POLYMER SMILES,EPS
0,<polymer_spg>[*:1]CC([*:2])C;2->1,2.61
1,<polymer_spg>[*:1]CC([*:2])F;2->1,3.36
2,<polymer_spg>[*:1]CC([*:2])(F)F;2->1,3.37
3,<polymer_spg>[*:1]C(F)C([*:2])(F)F;2->1,3.06
4,<polymer_spg>[*:1]CCC(F)(F)C([*:2])(F)F;2->1,3.08
5,<polymer_spg>[*:1]CO[*:2];2->1,3.72
6,<polymer_spg>[*:1]CCO[*:2];2->1,3.15
7,<polymer_spg>[*:1]CC(O[*:2])C(F)(F)F;2->1,2.7
8,<polymer_spg>[*:1]CCCO[*:2];2->1,3.03
9,<polymer_spg>[*:1]Oc1ccc(Cc2ccc([*:2])cc2)cc1;2->1,3.5
10,<polymer_spg>[*:1]CCCCCOCO[*:2];2->1,3.06
11,<polymer_spg>[*:1]CCOC(=O)NCCOCCOCCNC(=O)O[*:2];2->1,3.53
12,<polymer_spg>[*:1]c1ccc(-c2nc3cc4nc([*:2])oc4cc3o2)cc1;2->1,5.68
13,<polymer_spg>[*:1]Sc1ccc([*:2])cc1;2->1,4.15
14,<polymer_spg>[*:1]CCOC(=O)CCCCC(=O)O[*:2];2->1,3.25
15,<polymer_spg>[*:1]CCOC(=O)CCCCCCC(=O)O[*:2];2->1,3.16
16,<polymer_spg>[*:1]CCOC(=O)c1ccc(C(=O)O[*:2])cc1;2->1,3.82
17,<polymer_spg>[*:1]CCCCOC(=O)c1ccc(C(=O)O[*:2])cc1;2->1,3.59
18,<polymer_spg>[*:1]CC(=O)O[*:2];2->1,3.99
19,<polymer_spg>[*:1]CCCCCC(=O)O[*:2];2->1,3.12
20,<polymer_spg>[*:1]CCC(=O)O[*:2];2->1,3.39
21,<polymer_spg>[*:1]Oc1ccc(CC([*:2])=O)cc1;2->1,3.52
22,<polymer_spg>[*:1]Cc1ccc(C(=O)O[*:2])cc1;2->1,4.03
23,<polymer_spg>[*:1]CCC(=O)N[*:2];2->1,3.61
24,<polymer_spg>[*:1]CCCCCCC(=O)N[*:2];2->1,3.34
25,<polymer_spg>[*:1]CC(=O)N[*:2];2->1,4.01
26,<polymer_spg>[*:1]Nc1cccc(C([*:2])=O)c1;2->1,4.43
27,<polymer_spg>[*:1]Cc1ccc(C(=O)N[*:2])cc1;2->1,3.96
28,<polymer_spg>[*:1]CCCCCOC(=O)Nc1ccc(C)c(NC(=O)O[*:2])c1;2->1,3.72
29,<polymer_spg>[*:1]CCCCCCN1C(=O)c2ccc(C(=O)c3ccc4c(c3)C(=O)N([*:2])C4=O)cc2C1=O;2->1,3.79
30,<polymer_spg>[*:1]OC(=O)c1ccc(C([*:2])=O)cc1;2->1,5.0
31,<polymer_spg>[*:1]CCCCCOC(=O)O[*:2];2->1,3.09
32,<polymer_spg>[*:1]Oc1ccc(OC([*:2])=O)cc1;2->1,3.95
33,<polymer_spg>[*:1]CCCN[*:2];2->1,3.03
34,<polymer_spg>[*:1]Oc1ccc(C(=O)c2ccc([*:2])cc2)cc1;2->1,4.32
35,<polymer_spg>[*:1]c1ccc([*:2])cc1;2->1,4.48
36,<polymer_spg>[*:1]CCc1ccc(-c2ccc([*:2])cc2)cc1;2->1,3.58
37,<polymer_spg>[*:1]OC1C(CO)OC([*:2])C(O)C1O;2->1,3.78
38,<polymer_spg>[*:1]Cc1ccc(CO[*:2])cc1;2->1,3.47
39,<polymer_spg>[*:1]CCOCCOC(=O)O[*:2];2->1,3.32
40,<polymer_spg>[*:1]CCC(O[*:2])(C(F)(F)F)C(F)(F)F;2->1,3.05
41,<polymer_spg>[*:1]Oc1ccc(-c2ccc(C([*:2])=O)cc2)cc1;2->1,4.1
42,<polymer_spg>[*:1]Nc1ccc([*:2])cc1;2->1,5.52
43,<polymer_spg>[*:1]c1cccc([*:2])n1;2->1,4.35
44,<polymer_spg>[*:1]CC(CC(CC(CC([*:2])c1ccccc1)c1ccccc1)c1ccccc1)c1ccccc1;2->1,2.71
45,<polymer_spg>[*:1]c1ccc2oc(-c3ccc4nc([*:2])oc4c3)nc2c1;2->1,4.77
46,<polymer_spg>[*:1]Cc1ccc(C[*:2])cc1;2->1,3.97
47,<polymer_spg>[*:1]CCCOC(=O)CCCCCCCCOC(=O)CCCOC(=O)CCCCCCCCOC([*:2])=O;2->1,3.05
48,<polymer_spg>[*:1]CC(CC(CC([*:2])c1ccccn1)c1ccccn1)c1ccccn1;2->1,3.19
49,<polymer_spg>[*:1]Oc1ccc(-c2ccc(-c3ccc([*:2])s3)s2)s1;2->1,5.59
50,<polymer_spg>[*:1]C(=S)Oc1ccc(-c2ccc([*:2])s2)s1;2->1,5.88
51,<polymer_spg>[*:1]Oc1ccc(C(=S)c2ccc([*:2])s2)s1;2->1,4.89
52,<polymer_spg>[*:1]C(=S)OC(=S)c1ccc([*:2])s1;2->1,6.22
53,<polymer_spg>[*:1]Oc1ccc(Oc2ccc([*:2])s2)s1;2->1,3.9
54,<polymer_spg>[*:1]OC(=S)Oc1ccc([*:2])s1;2->1,4.48
55,<polymer_spg>[*:1]c1ccc(-c2ccc(-c3ccc(-c4ccc([*:2])s4)s3)s2)cc1;2->1,8.85
56,<polymer_spg>[*:1]Oc1ccc(-c2ccc(-c3ccc([*:2])cc3)s2)s1;2->1,5.17
57,<polymer_spg>[*:1]c1ccc(-c2ccc(-c3ccc(-c4ccc([*:2])s4)cc3)s2)cc1;2->1,4.25
58,<polymer_spg>[*:1]C(=S)c1ccc(-c2ccc(-c3ccc([*:2])cc3)s2)cc1;2->1,5.87
59,<polymer_spg>[*:1]Oc1ccc(-c2ccc(-c3ccc([*:2])cc3)s2)cc1;2->1,4.91
60,<polymer_spg>[*:1]c1ccc(-c2ccc(C(=S)c3ccc([*:2])s3)s2)cc1;2->1,9.09
61,<polymer_spg>[*:1]c1ccc(-c2ccc(Oc3ccc([*:2])s3)s2)cc1;2->1,5.22
62,<polymer_spg>[*:1]C(=S)Oc1ccc(-c2ccc([*:2])cc2)s1;2->1,5.67
63,<polymer_spg>[*:1]Oc1ccc(-c2ccc(-c3ccc([*:2])cc3)cc2)s1;2->1,5.01
64,<polymer_spg>[*:1]c1ccc(-c2ccc(-c3ccc(-c4ccc([*:2])s4)cc3)cc2)cc1;2->1,5.39
65,<polymer_spg>[*:1]C(=S)c1ccc(-c2ccc(-c3ccc([*:2])cc3)cc2)cc1;2->1,4.57
66,<polymer_spg>[*:1]Oc1ccc(-c2ccc(-c3ccc([*:2])cc3)cc2)cc1;2->1,3.87
67,<polymer_spg>[*:1]OC(=S)c1ccc(-c2ccc([*:2])cc2)cc1;2->1,4.56
68,<polymer_spg>[*:1]C(=S)c1ccc(C(=S)c2ccc([*:2])cc2)s1;2->1,6.78
69,<polymer_spg>[*:1]Oc1ccc(C(=S)c2ccc([*:2])cc2)s1;2->1,4.54
70,<polymer_spg>[*:1]C(=S)c1ccc(C(=S)c2ccc([*:2])cc2)cc1;2->1,3.8
71,<polymer_spg>[*:1]Oc1ccc(C(=S)c2ccc([*:2])cc2)cc1;2->1,4.95
72,<polymer_spg>[*:1]C(=S)OC(=S)c1ccc([*:2])cc1;2->1,5.52
73,<polymer_spg>[*:1]Oc1ccc(Oc2ccc([*:2])cc2)s1;2->1,3.82
74,<polymer_spg>[*:1]c1ccc(OC(=S)c2ccc([*:2])s2)cc1;2->1,5.49
75,<polymer_spg>[*:1]OC(=S)Oc1ccc([*:2])cc1;2->1,4.1
76,<polymer_spg>[*:1]Cc1ccc(-c2ccc(-c3ccc([*:2])s3)s2)s1;2->1,4.39
77,<polymer_spg>[*:1]Cc1ccc(-c2ccc(C([*:2])=S)s2)s1;2->1,5.34
78,<polymer_spg>[*:1]Cc1ccc(-c2ccc(O[*:2])s2)s1;2->1,4.19
79,<polymer_spg>[*:1]Cc1ccc(-c2ccc(-c3ccc([*:2])s3)cc2)s1;2->1,3.91
80,<polymer_spg>[*:1]Cc1ccc(-c2ccc(C([*:2])=S)cc2)s1;2->1,4.8
81,<polymer_spg>[*:1]Cc1ccc(-c2ccc(O[*:2])cc2)s1;2->1,4.05
82,<polymer_spg>[*:1]Cc1ccc(Cc2ccc([*:2])s2)s1;2->1,3.65
83,<polymer_spg>[*:1]Cc1ccc(CC([*:2])=S)s1;2->1,3.57
84,<polymer_spg>[*:1]Cc1ccc(C(=O)c2ccc([*:2])s2)s1;2->1,4.69
85,<polymer_spg>[*:1]Cc1ccc(C(=O)C([*:2])=S)s1;2->1,4.34
86,<polymer_spg>[*:1]Cc1ccc(C(=O)O[*:2])s1;2->1,4.17
87,<polymer_spg>[*:1]Cc1ccc(C(=S)c2ccc([*:2])s2)s1;2->1,4.36
88,<polymer_spg>[*:1]Cc1ccc(C(=S)O[*:2])s1;2->1,4.71
89,<polymer_spg>[*:1]Cc1ccc(Nc2ccc([*:2])s2)s1;2->1,3.83
90,<polymer_spg>[*:1]Cc1ccc(NC([*:2])=S)s1;2->1,4.42
91,<polymer_spg>[*:1]Cc1ccc(NO[*:2])s1;2->1,4.04
92,<polymer_spg>[*:1]Cc1ccc(Oc2ccc([*:2])s2)s1;2->1,3.63
93,<polymer_spg>[*:1]Cc1ccc(OC([*:2])=S)s1;2->1,4.25
94,<polymer_spg>[*:1]Cc1ccc(-c2ccc(-c3ccc([*:2])s3)s2)cc1;2->1,4.02
95,<polymer_spg>[*:1]Cc1ccc(-c2ccc(-c3ccc([*:2])cc3)s2)cc1;2->1,3.99
96,<polymer_spg>[*:1]Cc1ccc(-c2ccc(C([*:2])=S)s2)cc1;2->1,4.61
97,<polymer_spg>[*:1]Cc1ccc(-c2ccc(-c3ccc([*:2])s3)cc2)cc1;2->1,4.21
98,<polymer_spg>[*:1]Cc1ccc(-c2ccc(-c3ccc([*:2])cc3)cc2)cc1;2->1,3.67
99,<polymer_spg>[*:1]Cc1ccc(-c2ccc(C([*:2])=S)cc2)cc1;2->1,4.45
100,<polymer_spg>[*:1]Cc1ccc(-c2ccc(O[*:2])cc2)cc1;2->1,3.79
101,<polymer_spg>[*:1]Cc1ccc(Cc2ccc([*:2])s2)cc1;2->1,3.4
102,<polymer_spg>[*:1]Cc1ccc(Cc2ccc([*:2])cc2)cc1;2->1,3.41
103,<polymer_spg>[*:1]Cc1ccc(CC([*:2])=S)cc1;2->1,3.68
104,<polymer_spg>[*:1]Cc1ccc(C(=O)c2ccc([*:2])s2)cc1;2->1,4.07
105,<polymer_spg>[*:1]Cc1ccc(C(=O)c2ccc([*:2])cc2)cc1;2->1,3.96
106,<polymer_spg>[*:1]Cc1ccc(C(=O)C([*:2])=S)cc1;2->1,4.22
107,<polymer_spg>[*:1]Cc1ccc(C(=S)c2ccc([*:2])s2)cc1;2->1,4.17
108,<polymer_spg>[*:1]Cc1ccc(C(=S)c2ccc([*:2])cc2)cc1;2->1,4.09
109,<polymer_spg>[*:1]Cc1ccc(C(=S)O[*:2])cc1;2->1,3.95
110,<polymer_spg>[*:1]Cc1ccc(Nc2ccc([*:2])s2)cc1;2->1,4.02
111,<polymer_spg>[*:1]Cc1ccc(Nc2ccc([*:2])cc2)cc1;2->1,3.94
112,<polymer_spg>[*:1]Cc1ccc(NC([*:2])=S)cc1;2->1,4.11
113,<polymer_spg>[*:1]Cc1ccc(Oc2ccc([*:2])s2)cc1;2->1,3.59
114,<polymer_spg>[*:1]Cc1ccc(OC([*:2])=S)cc1;2->1,3.66
115,<polymer_spg>[*:1]CCc1ccc(-c2ccc([*:2])s2)s1;2->1,3.82
116,<polymer_spg>[*:1]CCc1ccc(C([*:2])=S)s1;2->1,4.38
117,<polymer_spg>[*:1]CCc1ccc(O[*:2])s1;2->1,3.63
118,<polymer_spg>[*:1]CCc1ccc(-c2ccc([*:2])s2)cc1;2->1,3.75
119,<polymer_spg>[*:1]CCc1ccc(C([*:2])=S)cc1;2->1,3.9
120,<polymer_spg>[*:1]CCc1ccc(O[*:2])cc1;2->1,3.46
121,<polymer_spg>[*:1]CCCc1ccc([*:2])s1;2->1,3.2
122,<polymer_spg>[*:1]CCCc1ccc([*:2])cc1;2->1,3.14
123,<polymer_spg>[*:1]CCCC([*:2])=O;2->1,3.27
124,<polymer_spg>[*:1]CCCC([*:2])=S;2->1,3.29
125,<polymer_spg>[*:1]CCC(=O)c1ccc([*:2])s1;2->1,4.12
126,<polymer_spg>[*:1]CCC(=O)c1ccc([*:2])cc1;2->1,3.81
127,<polymer_spg>[*:1]CCC(=O)C([*:2])=S;2->1,4.76
128,<polymer_spg>[*:1]CCC(=S)O[*:2];2->1,3.71
129,<polymer_spg>[*:1]CCNc1ccc([*:2])s1;2->1,3.76
130,<polymer_spg>[*:1]CCNc1ccc([*:2])cc1;2->1,3.54
131,<polymer_spg>[*:1]CCNC([*:2])=S;2->1,4.24
132,<polymer_spg>[*:1]CCON[*:2];2->1,3.46
133,<polymer_spg>[*:1]CC(=O)c1ccc(-c2ccc([*:2])s2)s1;2->1,4.89
134,<polymer_spg>[*:1]CC(=O)c1ccc(-c2ccc([*:2])cc2)s1;2->1,4.58
135,<polymer_spg>[*:1]CC(=O)c1ccc(C([*:2])=O)s1;2->1,4.49
136,<polymer_spg>[*:1]CC(=O)c1ccc(C([*:2])=S)s1;2->1,4.78
137,<polymer_spg>[*:1]CC(=O)c1ccc(O[*:2])s1;2->1,4.43
138,<polymer_spg>[*:1]CC(=O)c1ccc(-c2ccc([*:2])s2)cc1;2->1,4.71
139,<polymer_spg>[*:1]CC(=O)c1ccc(-c2ccc([*:2])cc2)cc1;2->1,3.96
140,<polymer_spg>[*:1]CC(=O)c1ccc(C([*:2])=O)cc1;2->1,4.2
141,<polymer_spg>[*:1]CC(=O)c1ccc(C([*:2])=S)cc1;2->1,4.71
142,<polymer_spg>[*:1]CC(=O)c1ccc(O[*:2])cc1;2->1,3.8
143,<polymer_spg>[*:1]CC(=O)Cc1ccc([*:2])s1;2->1,3.59
144,<polymer_spg>[*:1]CC(=O)Cc1ccc([*:2])cc1;2->1,3.64
145,<polymer_spg>[*:1]CC(=O)CC([*:2])=O;2->1,3.79
146,<polymer_spg>[*:1]CC(=O)CC([*:2])=S;2->1,3.82
147,<polymer_spg>[*:1]CC(=O)CO[*:2];2->1,3.7
148,<polymer_spg>[*:1]CC(=O)C(=S)c1ccc([*:2])s1;2->1,4.85
149,<polymer_spg>[*:1]CC(=O)C(=S)c1ccc([*:2])cc1;2->1,4.62
150,<polymer_spg>[*:1]CC(=O)C(=S)C([*:2])=O;2->1,6.33
151,<polymer_spg>[*:1]CC(=O)C(=S)O[*:2];2->1,4.8
152,<polymer_spg>[*:1]CC(=O)Nc1ccc([*:2])s1;2->1,4.12
153,<polymer_spg>[*:1]CC(=O)Nc1ccc([*:2])cc1;2->1,4.03
154,<polymer_spg>[*:1]CC(=O)NC([*:2])=O;2->1,4.4
155,<polymer_spg>[*:1]CC(=O)NC([*:2])=S;2->1,4.69
156,<polymer_spg>[*:1]CC(=O)Oc1ccc([*:2])s1;2->1,3.92
157,<polymer_spg>[*:1]CC(=O)OC([*:2])=O;2->1,3.95
158,<polymer_spg>[*:1]CC(=O)OC([*:2])=S;2->1,3.78
159,<polymer_spg>[*:1]CC(=S)c1ccc(C([*:2])=S)s1;2->1,6.4
160,<polymer_spg>[*:1]CC(=S)c1ccc(O[*:2])s1;2->1,5.64
161,<polymer_spg>[*:1]CC(=S)c1ccc(N[*:2])cc1;2->1,5.48
162,<polymer_spg>[*:1]CC(=S)c1ccc(O[*:2])cc1;2->1,4.45
163,<polymer_spg>[*:1]CC(=S)CC([*:2])=S;2->1,3.96
164,<polymer_spg>[*:1]CC(=S)CO[*:2];2->1,4.16
165,<polymer_spg>[*:1]CC(=S)C(=O)C([*:2])=S;2->1,5.61
166,<polymer_spg>[*:1]CC(=S)C(=O)O[*:2];2->1,4.54
167,<polymer_spg>[*:1]CC(=S)NC([*:2])=S;2->1,5.73
168,<polymer_spg>[*:1]CC(=S)NO[*:2];2->1,5.15
169,<polymer_spg>[*:1]CC(=S)OC([*:2])=S;2->1,4.36
170,<polymer_spg>[*:1]CNc1ccc(-c2ccc([*:2])cc2)s1;2->1,4.18
171,<polymer_spg>[*:1]CNc1ccc(C([*:2])=O)s1;2->1,5.29
172,<polymer_spg>[*:1]CNc1ccc(C([*:2])=S)s1;2->1,6.19
173,<polymer_spg>[*:1]CNc1ccc(N[*:2])s1;2->1,4.18
174,<polymer_spg>[*:1]CNc1ccc(O[*:2])s1;2->1,4.2
175,<polymer_spg>[*:1]CNc1ccc(-c2ccc([*:2])s2)cc1;2->1,4.42
176,<polymer_spg>[*:1]CNc1ccc(C([*:2])=O)cc1;2->1,4.8
177,<polymer_spg>[*:1]CNc1ccc(N[*:2])cc1;2->1,4.2
178,<polymer_spg>[*:1]CNc1ccc(O[*:2])cc1;2->1,4.14
179,<polymer_spg>[*:1]CNCc1ccc([*:2])s1;2->1,3.53
180,<polymer_spg>[*:1]CNCc1ccc([*:2])cc1;2->1,3.37
181,<polymer_spg>[*:1]CNCC([*:2])=O;2->1,3.5
182,<polymer_spg>[*:1]CNCC([*:2])=S;2->1,3.85
183,<polymer_spg>[*:1]CNCN[*:2];2->1,3.29
184,<polymer_spg>[*:1]CNCO[*:2];2->1,3.53
185,<polymer_spg>[*:1]CNC(=O)c1ccc([*:2])s1;2->1,4.11
186,<polymer_spg>[*:1]CNC(=O)C([*:2])=S;2->1,5.23
187,<polymer_spg>[*:1]CNC(=S)c1ccc([*:2])s1;2->1,4.55
188,<polymer_spg>[*:1]CNC(=S)c1ccc([*:2])cc1;2->1,3.99
189,<polymer_spg>[*:1]CNC(=S)C([*:2])=O;2->1,5.35
190,<polymer_spg>[*:1]CNC(=S)N[*:2];2->1,5.58
191,<polymer_spg>[*:1]CNC(=S)O[*:2];2->1,4.57
192,<polymer_spg>[*:1]CNOc1ccc([*:2])s1;2->1,3.82
193,<polymer_spg>[*:1]CNOc1ccc([*:2])cc1;2->1,3.65
194,<polymer_spg>[*:1]CNOC([*:2])=S;2->1,3.89
195,<polymer_spg>[*:1]CNON[*:2];2->1,3.62
196,<polymer_spg>[*:1]COc1ccc(-c2ccc([*:2])cc2)s1;2->1,4.15
197,<polymer_spg>[*:1]COc1ccc(O[*:2])s1;2->1,3.85
198,<polymer_spg>[*:1]COc1ccc(O[*:2])cc1;2->1,3.8
199,<polymer_spg>[*:1]COC(=O)O[*:2];2->1,3.73
200,<polymer_spg>[*:1]COC(=S)O[*:2];2->1,4.34
201,<polymer_spg>[*:1]CONC([*:2])=O;2->1,4.13
202,<polymer_spg>[*:1]CONO[*:2];2->1,4.25
203,<polymer_spg>[*:1]C(=O)c1ccc(-c2ccc(-c3ccc([*:2])s3)s2)s1;2->1,8.28
204,<polymer_spg>[*:1]C(=O)c1ccc(-c2ccc(C([*:2])=S)s2)s1;2->1,6.5
205,<polymer_spg>[*:1]Oc1ccc(-c2ccc(C([*:2])=O)s2)s1;2->1,5.23
206,<polymer_spg>[*:1]C(=O)c1ccc(-c2ccc(-c3ccc([*:2])s3)cc2)s1;2->1,7.44
207,<polymer_spg>[*:1]C(=O)c1ccc(-c2ccc(C([*:2])=S)cc2)s1;2->1,5.9
208,<polymer_spg>[*:1]Oc1ccc(-c2ccc(C([*:2])=O)s2)cc1;2->1,5.45
209,<polymer_spg>[*:1]C(=O)c1ccc(C(=O)c2ccc([*:2])s2)s1;2->1,7.04
210,<polymer_spg>[*:1]C(=O)c1ccc(C(=O)C([*:2])=S)s1;2->1,6.61
211,<polymer_spg>[*:1]OC(=O)c1ccc(C([*:2])=O)s1;2->1,4.57
212,<polymer_spg>[*:1]OC(=S)c1ccc(C([*:2])=O)s1;2->1,5.45
213,<polymer_spg>[*:1]C(=O)c1ccc(Oc2ccc([*:2])s2)s1;2->1,5.0
214,<polymer_spg>[*:1]C(=O)c1ccc(OC([*:2])=S)s1;2->1,6.41
215,<polymer_spg>[*:1]C(=O)c1ccc(-c2ccc(-c3ccc([*:2])cc3)s2)cc1;2->1,5.86
216,<polymer_spg>[*:1]Oc1ccc(-c2ccc(C([*:2])=O)cc2)s1;2->1,4.73
217,<polymer_spg>[*:1]C(=O)c1ccc(-c2ccc(-c3ccc([*:2])cc3)cc2)cc1;2->1,4.43
218,<polymer_spg>[*:1]C(=O)c1ccc(-c2ccc(C([*:2])=S)cc2)cc1;2->1,5.49
219,<polymer_spg>[*:1]C(=O)c1ccc(C(=O)c2ccc([*:2])s2)cc1;2->1,4.76
220,<polymer_spg>[*:1]C(=O)c1ccc(C(=O)c2ccc([*:2])cc2)cc1;2->1,4.54
221,<polymer_spg>[*:1]C(=O)c1ccc(C(=O)C([*:2])=S)cc1;2->1,5.0
222,<polymer_spg>[*:1]OC(=S)c1ccc(C([*:2])=O)cc1;2->1,5.24
223,<polymer_spg>[*:1]C(=O)c1ccc(Oc2ccc([*:2])s2)cc1;2->1,4.79
224,<polymer_spg>[*:1]C(=O)c1ccc(OC([*:2])=S)cc1;2->1,5.05
225,<polymer_spg>[*:1]C(=O)C(=S)OC([*:2])=S;2->1,6.46
226,<polymer_spg>[*:1]C(=O)Oc1ccc(C([*:2])=S)s1;2->1,5.33
227,<polymer_spg>[*:1]Oc1ccc(OC([*:2])=O)s1;2->1,4.26
228,<polymer_spg>[*:1]C(=O)Oc1ccc(C([*:2])=S)cc1;2->1,4.83
229,<polymer_spg>[*:1]OC(=O)OC([*:2])=O;2->1,4.67
230,<polymer_spg>[*:1]OC(=S)OC([*:2])=O;2->1,4.16
231,<polymer_spg>[*:1]Nc1ccc(-c2ccc(-c3ccc([*:2])s3)s2)s1;2->1,7.17
232,<polymer_spg>[*:1]Cc1ccc(-c2ccc(N[*:2])s2)s1;2->1,4.54
233,<polymer_spg>[*:1]Nc1ccc(-c2ccc(C([*:2])=O)s2)s1;2->1,7.09
234,<polymer_spg>[*:1]Nc1ccc(-c2ccc(C([*:2])=S)s2)s1;2->1,8.62
235,<polymer_spg>[*:1]Nc1ccc(-c2ccc(-c3ccc([*:2])s3)cc2)s1;2->1,6.83
236,<polymer_spg>[*:1]Nc1ccc(-c2ccc(C([*:2])=S)cc2)s1;2->1,5.47
237,<polymer_spg>[*:1]Nc1ccc(C(=O)c2ccc([*:2])s2)s1;2->1,8.01
238,<polymer_spg>[*:1]Nc1ccc(C(=O)C([*:2])=S)s1;2->1,7.64
239,<polymer_spg>[*:1]Nc1ccc(C(=S)c2ccc([*:2])s2)s1;2->1,6.36
240,<polymer_spg>[*:1]Nc1ccc(C(=S)c2ccc([*:2])cc2)s1;2->1,6.46
241,<polymer_spg>[*:1]Nc1ccc(Nc2ccc([*:2])s2)s1;2->1,4.34
242,<polymer_spg>[*:1]Nc1ccc(NC([*:2])=S)s1;2->1,5.78
243,<polymer_spg>[*:1]Nc1ccc(Oc2ccc([*:2])s2)s1;2->1,4.14
244,<polymer_spg>[*:1]Nc1ccc(OC([*:2])=S)s1;2->1,5.02
245,<polymer_spg>[*:1]Nc1ccc(-c2ccc(-c3ccc([*:2])s3)s2)cc1;2->1,4.74
246,<polymer_spg>[*:1]Nc1ccc(-c2ccc(-c3ccc([*:2])cc3)s2)cc1;2->1,5.91
247,<polymer_spg>[*:1]Nc1ccc(-c2ccc(C([*:2])=S)s2)cc1;2->1,6.84
248,<polymer_spg>[*:1]Nc1ccc(-c2ccc(-c3ccc([*:2])s3)cc2)cc1;2->1,5.94
249,<polymer_spg>[*:1]Nc1ccc(-c2ccc(-c3ccc([*:2])cc3)cc2)cc1;2->1,4.29
250,<polymer_spg>[*:1]Cc1ccc(-c2ccc(N[*:2])cc2)cc1;2->1,4.35
251,<polymer_spg>[*:1]Nc1ccc(-c2ccc(C([*:2])=S)cc2)cc1;2->1,4.84
252,<polymer_spg>[*:1]Nc1ccc(-c2ccc(O[*:2])cc2)cc1;2->1,4.41
253,<polymer_spg>[*:1]Nc1ccc(C(=O)c2ccc([*:2])s2)cc1;2->1,6.11
254,<polymer_spg>[*:1]Nc1ccc(C(=O)C([*:2])=S)cc1;2->1,5.95
255,<polymer_spg>[*:1]Nc1ccc(C(=O)O[*:2])cc1;2->1,4.61
256,<polymer_spg>[*:1]Nc1ccc(C(=S)c2ccc([*:2])cc2)cc1;2->1,6.72
257,<polymer_spg>[*:1]Nc1ccc(Nc2ccc([*:2])s2)cc1;2->1,5.07
258,<polymer_spg>[*:1]Nc1ccc(NO[*:2])cc1;2->1,4.2
259,<polymer_spg>[*:1]Nc1ccc(Oc2ccc([*:2])s2)cc1;2->1,4.14
260,<polymer_spg>[*:1]Nc1ccc(Oc2ccc([*:2])cc2)cc1;2->1,4.38
261,<polymer_spg>[*:1]Nc1ccc(OC([*:2])=S)cc1;2->1,4.5
262,<polymer_spg>[*:1]NC(=O)c1ccc(-c2ccc([*:2])cc2)s1;2->1,5.9
263,<polymer_spg>[*:1]NC(=O)c1ccc(C([*:2])=O)s1;2->1,5.39
264,<polymer_spg>[*:1]NC(=O)c1ccc(C([*:2])=S)s1;2->1,6.12
265,<polymer_spg>[*:1]NC(=O)c1ccc(O[*:2])s1;2->1,4.85
266,<polymer_spg>[*:1]NC(=O)c1ccc(-c2ccc([*:2])s2)cc1;2->1,5.23
267,<polymer_spg>[*:1]NC(=O)c1ccc(-c2ccc([*:2])cc2)cc1;2->1,4.85
268,<polymer_spg>[*:1]NC(=O)c1ccc(C([*:2])=S)cc1;2->1,5.0
269,<polymer_spg>[*:1]NC(=O)c1ccc(O[*:2])cc1;2->1,4.32
270,<polymer_spg>[*:1]NC(=O)C(=S)c1ccc([*:2])s1;2->1,8.51
271,<polymer_spg>[*:1]NC(=O)C(=S)c1ccc([*:2])cc1;2->1,5.85
272,<polymer_spg>[*:1]NC(=O)C(=S)C([*:2])=O;2->1,6.53
273,<polymer_spg>[*:1]NC(=O)C(=S)O[*:2];2->1,6.14
274,<polymer_spg>[*:1]NC(=O)Nc1ccc([*:2])s1;2->1,4.94
275,<polymer_spg>[*:1]NC(=O)Nc1ccc([*:2])cc1;2->1,4.69
276,<polymer_spg>[*:1]NC(=O)NC([*:2])=O;2->1,5.39
277,<polymer_spg>[*:1]NC(=O)NC([*:2])=S;2->1,7.36
278,<polymer_spg>[*:1]NC(=O)NO[*:2];2->1,5.14
279,<polymer_spg>[*:1]NC(=O)Oc1ccc([*:2])s1;2->1,4.64
280,<polymer_spg>[*:1]NC(=O)Oc1ccc([*:2])cc1;2->1,4.54
281,<polymer_spg>[*:1]NC(=O)OC([*:2])=S;2->1,5.76
282,<polymer_spg>[*:1]NC(=S)c1ccc(C([*:2])=S)s1;2->1,6.57
283,<polymer_spg>[*:1]NC(=S)c1ccc(O[*:2])s1;2->1,5.61
284,<polymer_spg>[*:1]NC(=S)c1ccc(O[*:2])cc1;2->1,4.57
285,<polymer_spg>[*:1]NC(=S)C(=O)O[*:2];2->1,6.34
286,<polymer_spg>[*:1]NC(=S)Nc1ccc([*:2])cc1;2->1,5.66
287,<polymer_spg>[*:1]NC(=S)NC([*:2])=S;2->1,6.08
288,<polymer_spg>[*:1]NC(=S)NO[*:2];2->1,6.07
289,<polymer_spg>[*:1]NC(=S)OC([*:2])=S;2->1,6.0
290,<polymer_spg>[*:1]NOc1ccc(O[*:2])cc1;2->1,4.11
291,<polymer_spg>[*:1]NOC(=O)O[*:2];2->1,4.3
292,<polymer_spg>[*:1]NOC(=S)O[*:2];2->1,5.13
293,<polymer_spg>[*:1]NC(=S)Nc1ccc(NC(=S)Nc2ccc(Oc3ccc([*:2])cc3)cc2)cc1;2->1,5.43
294,<polymer_spg>[*:1]NC(=S)Nc1ccc(NC(=S)Nc2ccc(Cc3ccc([*:2])cc3)cc2)cc1;2->1,4.55
295,<polymer_spg>[*:1]NC(=S)Nc1ccc(Cc2ccc([*:2])cc2)cc1;2->1,4.19
296,<polymer_spg>[*:1]CCOCCOC(=O)Nc1ccc(C)c(NC(=O)O[*:2])c1;2->1,3.82
297,<polymer_spg>[*:1]C(=O)NC(=O)c1ccc([*:2])cc1;2->1,4.45
298,<polymer_spg>[*:1]NC(=O)OC([*:2])=O;2->1,5.35
299,<polymer_spg>[*:1]OCCC(=O)CC(=O)Oc1ccc([*:2])cc1;2->1,3.67
300,<polymer_spg>[*:1]CCOC(=S)NC(=S)c1ccc(N[*:2])cc1;2->1,5.17
301,<polymer_spg>[*:1]CNCCCOCO[*:2];2->1,3.54
302,<polymer_spg>[*:1]CNCNC(=O)NC(=O)N[*:2];2->1,3.92
303,<polymer_spg>[*:1]CNC(=O)NCOCO[*:2];2->1,4.22
304,<polymer_spg>[*:1]CNC(=O)ONC(=O)NO[*:2];2->1,4.65
305,<polymer_spg>[*:1]COCOCCCO[*:2];2->1,3.51
306,<polymer_spg>[*:1]CNCCNC(=O)OC[*:2];2->1,3.67
307,<polymer_spg>[*:1]C(=O)c1ccc(NC(=S)Oc2ccc(Nc3ccc([*:2])s3)s2)s1;2->1,5.35
308,<polymer_spg>[*:1]NOC(=O)NCC(=O)NC([*:2])=O;2->1,5.02
309,<polymer_spg>[*:1]NCCCNC(=O)NC([*:2])=O;2->1,4.19
310,<polymer_spg>[*:1]Nc1ccc(NC(=O)NC(=O)NC([*:2])=O)s1;2->1,5.34
311,<polymer_spg>[*:1]NCNC(=O)OC(=O)NC([*:2])=O;2->1,4.67
312,<polymer_spg>[*:1]OCCCCONC([*:2])=O;2->1,3.69
313,<polymer_spg>[*:1]Oc1ccc(C(=O)c2ccc(C(=O)NOC([*:2])=O)s2)cc1;2->1,4.55
314,<polymer_spg>[*:1]c1ccc(C(F)(F)c2ccc(C([*:2])(F)F)s2)s1;2->1,4.41
315,<polymer_spg>[*:1]C(=S)C(F)(F)c1ccc(C([*:2])(F)F)s1;2->1,3.9
316,<polymer_spg>[*:1]OC(F)(F)c1ccc(C([*:2])(F)F)s1;2->1,3.93
317,<polymer_spg>[*:1]c1ccc(C(F)(F)c2ccc(C([*:2])(F)F)cc2)s1;2->1,4.0
318,<polymer_spg>[*:1]c1ccc(C(F)(F)c2ccc(C([*:2])(F)F)cc2)cc1;2->1,3.82
319,<polymer_spg>[*:1]C(=S)C(F)(F)c1ccc(C([*:2])(F)F)cc1;2->1,3.7
320,<polymer_spg>[*:1]OC(F)(F)c1ccc(C([*:2])(F)F)cc1;2->1,3.68
321,<polymer_spg>[*:1]C(=S)c1ccc(C(F)(F)C([*:2])(F)F)s1;2->1,4.44
322,<polymer_spg>[*:1]Oc1ccc(C(F)(F)C([*:2])(F)F)s1;2->1,3.9
323,<polymer_spg>[*:1]c1ccc(-c2ccc(C(F)(F)C([*:2])(F)F)cc2)s1;2->1,3.57
324,<polymer_spg>[*:1]c1ccc(-c2ccc(C(F)(F)C([*:2])(F)F)cc2)cc1;2->1,3.97
325,<polymer_spg>[*:1]C(=S)c1ccc(C(F)(F)C([*:2])(F)F)cc1;2->1,4.33
326,<polymer_spg>[*:1]Oc1ccc(C(F)(F)C([*:2])(F)F)cc1;2->1,3.63
327,<polymer_spg>[*:1]c1ccc(CC(F)(F)C([*:2])(F)F)s1;2->1,3.59
328,<polymer_spg>[*:1]c1ccc(CC(F)(F)C([*:2])(F)F)cc1;2->1,3.38
329,<polymer_spg>[*:1]C(=O)CC(F)(F)C([*:2])(F)F;2->1,3.37
330,<polymer_spg>[*:1]C(=S)CC(F)(F)C([*:2])(F)F;2->1,3.81
331,<polymer_spg>[*:1]NCC(F)(F)C([*:2])(F)F;2->1,4.32
332,<polymer_spg>[*:1]OCC(F)(F)C([*:2])(F)F;2->1,3.5
333,<polymer_spg>[*:1]c1ccc(C(=O)C(F)(F)C([*:2])(F)F)s1;2->1,3.93
334,<polymer_spg>[*:1]c1ccc(C(=O)C(F)(F)C([*:2])(F)F)cc1;2->1,3.85
335,<polymer_spg>[*:1]C(=S)C(=O)C(F)(F)C([*:2])(F)F;2->1,4.75
336,<polymer_spg>[*:1]OC(=S)C(F)(F)C([*:2])(F)F;2->1,3.68
337,<polymer_spg>[*:1]c1ccc(NC(F)(F)C([*:2])(F)F)s1;2->1,4.5
338,<polymer_spg>[*:1]c1ccc(NC(F)(F)C([*:2])(F)F)cc1;2->1,3.92
339,<polymer_spg>[*:1]C(=O)NC(F)(F)C([*:2])(F)F;2->1,3.53
340,<polymer_spg>[*:1]C(=S)NC(F)(F)C([*:2])(F)F;2->1,3.81
341,<polymer_spg>[*:1]NOC(F)(F)C([*:2])(F)F;2->1,3.73
342,<polymer_spg>[*:1]c1ccc(C(F)(F)CC([*:2])(F)F)s1;2->1,3.75
343,<polymer_spg>[*:1]c1ccc(C(F)(F)CC([*:2])(F)F)cc1;2->1,3.47
344,<polymer_spg>[*:1]C(=O)C(F)(F)CC([*:2])(F)F;2->1,3.64
345,<polymer_spg>[*:1]C(=S)C(F)(F)CC([*:2])(F)F;2->1,3.78
346,<polymer_spg>[*:1]NC(F)(F)CC([*:2])(F)F;2->1,3.9
347,<polymer_spg>[*:1]OC(F)(F)CC([*:2])(F)F;2->1,3.47
348,<polymer_spg>[*:1]C(=O)C(F)(F)C(=O)C([*:2])(F)F;2->1,3.77
349,<polymer_spg>[*:1]OC(F)(F)C(=O)C([*:2])(F)F;2->1,3.55
350,<polymer_spg>[*:1]OC(F)(F)C(=S)C([*:2])(F)F;2->1,3.6
351,<polymer_spg>[*:1]c1ccc(C(F)(F)NC([*:2])(F)F)s1;2->1,4.48
352,<polymer_spg>[*:1]c1ccc(C(F)(F)NC([*:2])(F)F)cc1;2->1,3.77
353,<polymer_spg>[*:1]C(=O)C(F)(F)NC([*:2])(F)F;2->1,4.75
354,<polymer_spg>[*:1]C(=S)C(F)(F)NC([*:2])(F)F;2->1,4.49
355,<polymer_spg>[*:1]NC(F)(F)NC([*:2])(F)F;2->1,4.43
356,<polymer_spg>[*:1]OC(F)(F)NC([*:2])(F)F;2->1,4.04
357,<polymer_spg>[*:1]c1ccc(-c2ccc(-c3ccc(-c4ccc([*:2])s4)s3)cc2)cc1;2->1,7.13
358,<polymer_spg>[*:1]C(=S)c1ccc(-c2ccc(-c3ccc([*:2])cc3)cc2)s1;2->1,6.66
359,<polymer_spg>[*:1]c1ccc(C(=S)c2ccc(-c3ccc([*:2])s3)s2)cc1;2->1,8.4
360,<polymer_spg>[*:1]Cc1ccc(CO[*:2])s1;2->1,4.0
361,<polymer_spg>[*:1]C(=O)c1ccc(C(=S)c2ccc([*:2])s2)s1;2->1,6.22
362,<polymer_spg>[*:1]C(=O)c1ccc(-c2ccc(-c3ccc([*:2])s3)s2)cc1;2->1,5.1
363,<polymer_spg>[*:1]C(=O)c1ccc(-c2ccc(C([*:2])=S)s2)cc1;2->1,5.75
364,<polymer_spg>[*:1]C(=O)c1ccc(-c2ccc(-c3ccc([*:2])s3)cc2)cc1;2->1,6.15
365,<polymer_spg>[*:1]C(=O)c1ccc(C(=S)c2ccc([*:2])s2)cc1;2->1,5.13
366,<polymer_spg>[*:1]C(=O)c1ccc(C(=S)c2ccc([*:2])cc2)cc1;2->1,4.98
367,<polymer_spg>[*:1]Nc1ccc(C(=O)O[*:2])s1;2->1,6.18
368,<polymer_spg>[*:1]CCCCCCNC(=S)Nc1ccc(NC(=S)N[*:2])cc1;2->1,4.17
369,<polymer_spg>[*:1]NC(=O)NC(=O)c1ccc(C(=S)c2ccc(-c3ccc([*:2])s3)s2)s1;2->1,6.31
370,<polymer_spg>[*:1]c1ccc(C(=S)c2ccc(C(=S)C(=O)Nc3ccc(-c4ccc([*:2])s4)cc3)s2)s1;2->1,7.03
371,<polymer_spg>[*:1]OCC(=S)c1ccc(C(=S)Cc2ccc(-c3ccc([*:2])cc3)cc2)s1;2->1,4.62
372,<polymer_spg>[*:1]Nc1ccc(-c2ccc(C(=S)c3ccc(-c4ccc(Nc5ccc([*:2])cc5)s4)s3)s2)s1;2->1,6.88
373,<polymer_spg>[*:1]NC(=O)c1ccc(NC(=S)c2ccc(Nc3ccc([*:2])cc3)cc2)s1;2->1,6.07
374,<polymer_spg>[*:1]CCC(=O)OC(=O)Cc1ccc(-c2ccc([*:2])cc2)cc1;2->1,3.47
375,<polymer_spg>[*:1]Nc1ccc(NC(=O)NONC([*:2])=O)s1;2->1,6.1
376,<polymer_spg>[*:1]C(=S)C(=O)CCNc1ccc(C(=S)c2ccc([*:2])cc2)cc1;2->1,6.47
377,<polymer_spg>[*:1]c1ccc(-c2ccc(C(F)(F)C([*:2])(F)F)s2)s1;2->1,4.36
378,<polymer_spg>[*:1]OC(=O)C(F)(F)C([*:2])(F)F;2->1,3.31
379,<polymer_spg>[*:1]c1ccc(C(F)(F)C(=O)C([*:2])(F)F)s1;2->1,4.05
380,<polymer_spg>[*:1]c1ccc(C(F)(F)C(=O)C([*:2])(F)F)cc1;2->1,3.57
381,<polymer_spg>[*:1]OC(F)(F)OC([*:2])(F)F;2->1,3.8
